{"cameraMode":{"drawMode":0,"name":"Shaded","section":"Shading Mode"},"sceneLighting":false,"audioPlay":false,"sceneViewState":{"m_AlwaysRefresh":false,"showFog":true,"showSkybox":false,"showFlares":true,"showImageEffects":true,"showParticleSystems":true,"showVisualEffectGraphs":true,"m_FxEnabled":true},"in2DMode":false,"pivot":{"x":-0.44018325209617617,"y":0.34237486124038699,"z":0.07450789213180542},"rotation":{"x":-0.04692016541957855,"y":-0.17673753201961518,"z":-0.008438995108008385,"w":0.9831092357635498},"size":1.467195987701416,"orthographic":false}