{"cameraMode":{"drawMode":0,"name":"Shaded","section":"Shading Mode"},"sceneLighting":false,"audioPlay":false,"sceneViewState":{"m_AlwaysRefresh":false,"showFog":true,"showSkybox":false,"showFlares":true,"showImageEffects":true,"showParticleSystems":true,"showVisualEffectGraphs":true,"m_FxEnabled":true},"in2DMode":false,"pivot":{"x":-0.002154737710952759,"y":0.03331536054611206,"z":-0.024047881364822389},"rotation":{"x":-0.04033955559134483,"y":0.9593208432197571,"z":-0.184108167886734,"w":-0.21019479632377625},"size":0.8660253882408142,"orthographic":false}